Date,Predicted_Quantity,Product,City_State
2020-01-01,3.3266196,ThinkPad Laptop,San Francisco (CA)
2020-01-02,2.7779632,ThinkPad Laptop,San Francisco (CA)
2020-01-03,3.0021281,ThinkPad Laptop,San Francisco (CA)
2020-01-06,3.4136808,ThinkPad Laptop,San Francisco (CA)
2020-01-07,3.306148,ThinkPad Laptop,San Francisco (CA)
2020-01-08,3.3436441,ThinkPad Laptop,San Francisco (CA)
2020-01-09,3.3406792,ThinkPad Laptop,San Francisco (CA)
2020-01-10,3.446312,ThinkPad Laptop,San Francisco (CA)
2020-01-13,3.4564872,ThinkPad Laptop,San Francisco (CA)
2020-01-14,3.4550009,ThinkPad Laptop,San Francisco (CA)
2020-01-15,3.4550009,ThinkPad Laptop,San Francisco (CA)
2020-01-16,3.4378684,ThinkPad Laptop,San Francisco (CA)
2020-01-17,3.446312,ThinkPad Laptop,San Francisco (CA)
2020-01-20,3.4550009,ThinkPad Laptop,San Francisco (CA)
2020-01-21,3.4550009,ThinkPad Laptop,San Francisco (CA)
2020-01-22,3.4550009,ThinkPad Laptop,San Francisco (CA)
2020-01-23,3.4378684,ThinkPad Laptop,San Francisco (CA)
2020-01-24,3.446312,ThinkPad Laptop,San Francisco (CA)
2020-01-27,3.322924,ThinkPad Laptop,San Francisco (CA)
2020-01-28,3.322924,ThinkPad Laptop,San Francisco (CA)
2020-01-29,3.322924,ThinkPad Laptop,San Francisco (CA)
2020-01-30,3.3057914,ThinkPad Laptop,San Francisco (CA)
2020-01-31,3.314235,ThinkPad Laptop,San Francisco (CA)
2020-02-03,3.322924,ThinkPad Laptop,San Francisco (CA)
2020-02-04,3.322924,ThinkPad Laptop,San Francisco (CA)
2020-02-05,3.322924,ThinkPad Laptop,San Francisco (CA)
2020-02-06,3.3057914,ThinkPad Laptop,San Francisco (CA)
2020-02-07,3.314235,ThinkPad Laptop,San Francisco (CA)
2020-02-10,3.322924,ThinkPad Laptop,San Francisco (CA)
2020-02-11,3.322924,ThinkPad Laptop,San Francisco (CA)
2020-02-12,3.322924,ThinkPad Laptop,San Francisco (CA)
2020-02-13,3.3057914,ThinkPad Laptop,San Francisco (CA)
2020-02-14,3.314235,ThinkPad Laptop,San Francisco (CA)
2020-02-17,3.322924,ThinkPad Laptop,San Francisco (CA)
2020-02-18,3.322924,ThinkPad Laptop,San Francisco (CA)
2020-02-19,3.322924,ThinkPad Laptop,San Francisco (CA)
2020-02-20,3.3057914,ThinkPad Laptop,San Francisco (CA)
2020-02-21,3.314235,ThinkPad Laptop,San Francisco (CA)
2020-02-24,3.322924,ThinkPad Laptop,San Francisco (CA)
2020-02-25,3.322924,ThinkPad Laptop,San Francisco (CA)
2020-02-26,3.322924,ThinkPad Laptop,San Francisco (CA)
2020-02-27,3.3057914,ThinkPad Laptop,San Francisco (CA)
2020-02-28,3.314235,ThinkPad Laptop,San Francisco (CA)
2020-03-02,3.322924,ThinkPad Laptop,San Francisco (CA)
2020-03-03,3.322924,ThinkPad Laptop,San Francisco (CA)
2020-03-04,3.322924,ThinkPad Laptop,San Francisco (CA)
2020-03-05,3.3057914,ThinkPad Laptop,San Francisco (CA)
2020-03-06,3.314235,ThinkPad Laptop,San Francisco (CA)
2020-03-09,3.322924,ThinkPad Laptop,San Francisco (CA)
2020-03-10,3.322924,ThinkPad Laptop,San Francisco (CA)
2020-03-11,3.322924,ThinkPad Laptop,San Francisco (CA)
2020-03-12,3.3057914,ThinkPad Laptop,San Francisco (CA)
2020-03-13,3.314235,ThinkPad Laptop,San Francisco (CA)
2020-03-16,3.322924,ThinkPad Laptop,San Francisco (CA)
2020-03-17,3.322924,ThinkPad Laptop,San Francisco (CA)
2020-03-18,3.322924,ThinkPad Laptop,San Francisco (CA)
2020-03-19,3.3057914,ThinkPad Laptop,San Francisco (CA)
2020-03-20,3.314235,ThinkPad Laptop,San Francisco (CA)
2020-03-23,3.322924,ThinkPad Laptop,San Francisco (CA)
2020-03-24,3.322924,ThinkPad Laptop,San Francisco (CA)
2020-01-02,1.5755917,ThinkPad Laptop,Los Angeles (CA)
2020-01-03,1.6229461,ThinkPad Laptop,Los Angeles (CA)
2020-01-06,1.6166939,ThinkPad Laptop,Los Angeles (CA)
2020-01-07,1.6166939,ThinkPad Laptop,Los Angeles (CA)
2020-01-08,1.7599308,ThinkPad Laptop,Los Angeles (CA)
2020-01-09,1.6172675,ThinkPad Laptop,Los Angeles (CA)
2020-01-10,1.6385938,ThinkPad Laptop,Los Angeles (CA)
2020-01-13,1.648622,ThinkPad Laptop,Los Angeles (CA)
2020-01-14,1.6601481,ThinkPad Laptop,Los Angeles (CA)
2020-01-15,1.6601481,ThinkPad Laptop,Los Angeles (CA)
2020-01-16,1.6522043,ThinkPad Laptop,Los Angeles (CA)
2020-01-17,1.6385938,ThinkPad Laptop,Los Angeles (CA)
2020-01-20,1.6601481,ThinkPad Laptop,Los Angeles (CA)
2020-01-21,1.6601481,ThinkPad Laptop,Los Angeles (CA)
2020-01-22,1.6601481,ThinkPad Laptop,Los Angeles (CA)
2020-01-23,1.6522043,ThinkPad Laptop,Los Angeles (CA)
2020-01-24,1.6385938,ThinkPad Laptop,Los Angeles (CA)
2020-01-27,1.6601481,ThinkPad Laptop,Los Angeles (CA)
2020-01-28,1.6601481,ThinkPad Laptop,Los Angeles (CA)
2020-01-29,1.6601481,ThinkPad Laptop,Los Angeles (CA)
2020-01-30,1.6522043,ThinkPad Laptop,Los Angeles (CA)
2020-01-31,1.6385938,ThinkPad Laptop,Los Angeles (CA)
2020-02-03,1.6601481,ThinkPad Laptop,Los Angeles (CA)
2020-02-04,1.6601481,ThinkPad Laptop,Los Angeles (CA)
2020-02-05,1.6601481,ThinkPad Laptop,Los Angeles (CA)
2020-02-06,1.6522043,ThinkPad Laptop,Los Angeles (CA)
2020-02-07,1.6385938,ThinkPad Laptop,Los Angeles (CA)
2020-02-10,1.6601481,ThinkPad Laptop,Los Angeles (CA)
2020-02-11,1.6601481,ThinkPad Laptop,Los Angeles (CA)
2020-02-12,1.6601481,ThinkPad Laptop,Los Angeles (CA)
2020-02-13,1.6522043,ThinkPad Laptop,Los Angeles (CA)
2020-02-14,1.6385938,ThinkPad Laptop,Los Angeles (CA)
2020-02-17,1.6601481,ThinkPad Laptop,Los Angeles (CA)
2020-02-18,1.6601481,ThinkPad Laptop,Los Angeles (CA)
2020-02-19,1.6601481,ThinkPad Laptop,Los Angeles (CA)
2020-02-20,1.6522043,ThinkPad Laptop,Los Angeles (CA)
2020-02-21,1.6385938,ThinkPad Laptop,Los Angeles (CA)
2020-02-24,1.6601481,ThinkPad Laptop,Los Angeles (CA)
2020-02-25,1.6601481,ThinkPad Laptop,Los Angeles (CA)
2020-02-26,1.6601481,ThinkPad Laptop,Los Angeles (CA)
2020-02-27,1.6522043,ThinkPad Laptop,Los Angeles (CA)
2020-02-28,1.6385938,ThinkPad Laptop,Los Angeles (CA)
2020-03-02,1.7235625,ThinkPad Laptop,Los Angeles (CA)
2020-03-03,1.7235625,ThinkPad Laptop,Los Angeles (CA)
2020-03-04,1.7235625,ThinkPad Laptop,Los Angeles (CA)
2020-03-05,1.7156186,ThinkPad Laptop,Los Angeles (CA)
2020-03-06,1.7020081,ThinkPad Laptop,Los Angeles (CA)
2020-03-09,1.7235625,ThinkPad Laptop,Los Angeles (CA)
2020-03-10,1.7235625,ThinkPad Laptop,Los Angeles (CA)
2020-03-11,1.7235625,ThinkPad Laptop,Los Angeles (CA)
2020-03-12,1.7156186,ThinkPad Laptop,Los Angeles (CA)
2020-03-13,1.7020081,ThinkPad Laptop,Los Angeles (CA)
2020-03-16,1.7235625,ThinkPad Laptop,Los Angeles (CA)
2020-03-17,1.7235625,ThinkPad Laptop,Los Angeles (CA)
2020-03-18,1.7235625,ThinkPad Laptop,Los Angeles (CA)
2020-03-19,1.7156186,ThinkPad Laptop,Los Angeles (CA)
2020-03-20,1.7020081,ThinkPad Laptop,Los Angeles (CA)
2020-03-23,1.7235625,ThinkPad Laptop,Los Angeles (CA)
2020-03-24,1.7235625,ThinkPad Laptop,Los Angeles (CA)
2020-03-25,1.7235625,ThinkPad Laptop,Los Angeles (CA)
2020-01-01,2.0310066,ThinkPad Laptop,New York City (NY)
2020-01-02,1.8213202,ThinkPad Laptop,New York City (NY)
2020-01-03,2.2036233,ThinkPad Laptop,New York City (NY)
2020-01-06,3.470244,ThinkPad Laptop,New York City (NY)
2020-01-07,2.538088,ThinkPad Laptop,New York City (NY)
2020-01-08,1.9608608,ThinkPad Laptop,New York City (NY)
2020-01-09,1.9753855,ThinkPad Laptop,New York City (NY)
2020-01-10,2.1942744,ThinkPad Laptop,New York City (NY)
2020-01-13,2.8371868,ThinkPad Laptop,New York City (NY)
2020-01-14,2.7484856,ThinkPad Laptop,New York City (NY)
2020-01-15,2.1958055,ThinkPad Laptop,New York City (NY)
2020-01-16,2.1942744,ThinkPad Laptop,New York City (NY)
2020-01-17,3.418858,ThinkPad Laptop,New York City (NY)
2020-01-20,3.4346175,ThinkPad Laptop,New York City (NY)
2020-01-21,2.727489,ThinkPad Laptop,New York City (NY)
2020-01-22,2.1678228,ThinkPad Laptop,New York City (NY)
2020-01-23,2.1955366,ThinkPad Laptop,New York City (NY)
2020-01-24,2.1942744,ThinkPad Laptop,New York City (NY)
2020-01-27,2.7382488,ThinkPad Laptop,New York City (NY)
2020-01-28,2.725161,ThinkPad Laptop,New York City (NY)
2020-01-29,2.1958055,ThinkPad Laptop,New York City (NY)
2020-01-30,2.1942744,ThinkPad Laptop,New York City (NY)
2020-01-31,2.1942744,ThinkPad Laptop,New York City (NY)
2020-02-03,2.7382488,ThinkPad Laptop,New York City (NY)
2020-02-04,2.7382488,ThinkPad Laptop,New York City (NY)
2020-02-05,2.2088933,ThinkPad Laptop,New York City (NY)
2020-02-06,2.1942744,ThinkPad Laptop,New York City (NY)
2020-02-07,2.1942744,ThinkPad Laptop,New York City (NY)
2020-02-10,2.7382488,ThinkPad Laptop,New York City (NY)
2020-02-11,2.7382488,ThinkPad Laptop,New York City (NY)
2020-02-12,2.2088933,ThinkPad Laptop,New York City (NY)
2020-02-13,2.1942744,ThinkPad Laptop,New York City (NY)
2020-02-14,2.1942744,ThinkPad Laptop,New York City (NY)
2020-02-17,2.7382488,ThinkPad Laptop,New York City (NY)
2020-02-18,2.7382488,ThinkPad Laptop,New York City (NY)
2020-02-19,2.2088933,ThinkPad Laptop,New York City (NY)
2020-02-20,2.1942744,ThinkPad Laptop,New York City (NY)
2020-02-21,2.1942744,ThinkPad Laptop,New York City (NY)
2020-02-24,2.7382488,ThinkPad Laptop,New York City (NY)
2020-02-25,2.7382488,ThinkPad Laptop,New York City (NY)
2020-02-26,2.2088933,ThinkPad Laptop,New York City (NY)
2020-02-27,2.1942744,ThinkPad Laptop,New York City (NY)
2020-02-28,2.1942744,ThinkPad Laptop,New York City (NY)
2020-03-02,2.7382488,ThinkPad Laptop,New York City (NY)
2020-03-03,2.7382488,ThinkPad Laptop,New York City (NY)
2020-03-04,2.2088933,ThinkPad Laptop,New York City (NY)
2020-03-05,2.1942744,ThinkPad Laptop,New York City (NY)
2020-03-06,2.1942744,ThinkPad Laptop,New York City (NY)
2020-03-09,2.7382488,ThinkPad Laptop,New York City (NY)
2020-03-10,2.7382488,ThinkPad Laptop,New York City (NY)
2020-03-11,2.2088933,ThinkPad Laptop,New York City (NY)
2020-03-12,2.1942744,ThinkPad Laptop,New York City (NY)
2020-03-13,2.1942744,ThinkPad Laptop,New York City (NY)
2020-03-16,2.7382488,ThinkPad Laptop,New York City (NY)
2020-03-17,2.7382488,ThinkPad Laptop,New York City (NY)
2020-03-18,2.2088933,ThinkPad Laptop,New York City (NY)
2020-03-19,2.1942744,ThinkPad Laptop,New York City (NY)
2020-03-20,2.1942744,ThinkPad Laptop,New York City (NY)
2020-03-23,2.7382488,ThinkPad Laptop,New York City (NY)
2020-03-24,2.7382488,ThinkPad Laptop,New York City (NY)
2020-01-02,1.9639411,ThinkPad Laptop,Boston (MA)
2020-01-03,2.4468832,ThinkPad Laptop,Boston (MA)
2020-01-06,2.605115,ThinkPad Laptop,Boston (MA)
2020-01-07,2.152737,ThinkPad Laptop,Boston (MA)
2020-01-08,2.149085,ThinkPad Laptop,Boston (MA)
2020-01-09,2.192752,ThinkPad Laptop,Boston (MA)
2020-01-10,2.1433694,ThinkPad Laptop,Boston (MA)
2020-01-13,2.133904,ThinkPad Laptop,Boston (MA)
2020-01-14,2.1572843,ThinkPad Laptop,Boston (MA)
2020-01-15,2.1058269,ThinkPad Laptop,Boston (MA)
2020-01-16,2.1494935,ThinkPad Laptop,Boston (MA)
2020-01-17,2.1494935,ThinkPad Laptop,Boston (MA)
2020-01-20,2.140028,ThinkPad Laptop,Boston (MA)
2020-01-21,2.1572843,ThinkPad Laptop,Boston (MA)
2020-01-22,2.1058269,ThinkPad Laptop,Boston (MA)
2020-01-23,2.1494935,ThinkPad Laptop,Boston (MA)
2020-01-24,2.1494935,ThinkPad Laptop,Boston (MA)
2020-01-27,2.140028,ThinkPad Laptop,Boston (MA)
2020-01-28,2.1572843,ThinkPad Laptop,Boston (MA)
2020-01-29,2.1058269,ThinkPad Laptop,Boston (MA)
2020-01-30,2.1494935,ThinkPad Laptop,Boston (MA)
2020-01-31,2.1494935,ThinkPad Laptop,Boston (MA)
2020-02-03,2.140028,ThinkPad Laptop,Boston (MA)
2020-02-04,2.1572843,ThinkPad Laptop,Boston (MA)
2020-02-05,2.1058269,ThinkPad Laptop,Boston (MA)
2020-02-06,2.1494935,ThinkPad Laptop,Boston (MA)
2020-02-07,2.1494935,ThinkPad Laptop,Boston (MA)
2020-02-10,2.140028,ThinkPad Laptop,Boston (MA)
2020-02-11,2.1572843,ThinkPad Laptop,Boston (MA)
2020-02-12,2.1058269,ThinkPad Laptop,Boston (MA)
2020-02-13,2.1494935,ThinkPad Laptop,Boston (MA)
2020-02-14,2.1494935,ThinkPad Laptop,Boston (MA)
2020-02-17,2.140028,ThinkPad Laptop,Boston (MA)
2020-02-18,2.1572843,ThinkPad Laptop,Boston (MA)
2020-02-19,2.1058269,ThinkPad Laptop,Boston (MA)
2020-02-20,2.1494935,ThinkPad Laptop,Boston (MA)
2020-02-21,2.1494935,ThinkPad Laptop,Boston (MA)
2020-02-24,2.140028,ThinkPad Laptop,Boston (MA)
2020-02-25,2.1572843,ThinkPad Laptop,Boston (MA)
2020-02-26,2.1058269,ThinkPad Laptop,Boston (MA)
2020-02-27,2.1494935,ThinkPad Laptop,Boston (MA)
2020-02-28,2.1494935,ThinkPad Laptop,Boston (MA)
2020-03-02,2.140028,ThinkPad Laptop,Boston (MA)
2020-03-03,2.1572843,ThinkPad Laptop,Boston (MA)
2020-03-04,2.1058269,ThinkPad Laptop,Boston (MA)
2020-03-05,2.1494935,ThinkPad Laptop,Boston (MA)
2020-03-06,2.1494935,ThinkPad Laptop,Boston (MA)
2020-03-09,2.140028,ThinkPad Laptop,Boston (MA)
2020-03-10,2.1572843,ThinkPad Laptop,Boston (MA)
2020-03-11,2.1058269,ThinkPad Laptop,Boston (MA)
2020-03-12,2.1494935,ThinkPad Laptop,Boston (MA)
2020-03-13,2.1494935,ThinkPad Laptop,Boston (MA)
2020-03-16,2.140028,ThinkPad Laptop,Boston (MA)
2020-03-17,2.1572843,ThinkPad Laptop,Boston (MA)
2020-03-18,2.1058269,ThinkPad Laptop,Boston (MA)
2020-03-19,2.1494935,ThinkPad Laptop,Boston (MA)
2020-03-20,2.1494935,ThinkPad Laptop,Boston (MA)
2020-03-23,2.140028,ThinkPad Laptop,Boston (MA)
2020-03-24,2.1572843,ThinkPad Laptop,Boston (MA)
2020-03-25,2.1058269,ThinkPad Laptop,Boston (MA)
2020-01-01,1.277558,ThinkPad Laptop,Atlanta (GA)
2020-01-02,1.7635771,ThinkPad Laptop,Atlanta (GA)
2020-01-03,1.7142348,ThinkPad Laptop,Atlanta (GA)
2020-01-06,1.5423781,ThinkPad Laptop,Atlanta (GA)
2020-01-07,1.7488642,ThinkPad Laptop,Atlanta (GA)
2020-01-08,1.7488642,ThinkPad Laptop,Atlanta (GA)
2020-01-09,1.7555352,ThinkPad Laptop,Atlanta (GA)
2020-01-10,1.7793417,ThinkPad Laptop,Atlanta (GA)
2020-01-13,1.5728556,ThinkPad Laptop,Atlanta (GA)
2020-01-14,1.7793417,ThinkPad Laptop,Atlanta (GA)
2020-01-15,1.7793417,ThinkPad Laptop,Atlanta (GA)
2020-01-16,1.7793417,ThinkPad Laptop,Atlanta (GA)
2020-01-17,1.7793417,ThinkPad Laptop,Atlanta (GA)
2020-01-20,1.5728556,ThinkPad Laptop,Atlanta (GA)
2020-01-21,1.7793417,ThinkPad Laptop,Atlanta (GA)
2020-01-22,1.7793417,ThinkPad Laptop,Atlanta (GA)
2020-01-23,1.7793417,ThinkPad Laptop,Atlanta (GA)
2020-01-24,1.7793417,ThinkPad Laptop,Atlanta (GA)
2020-01-27,1.5728556,ThinkPad Laptop,Atlanta (GA)
2020-01-28,1.7793417,ThinkPad Laptop,Atlanta (GA)
2020-01-29,1.7793417,ThinkPad Laptop,Atlanta (GA)
2020-01-30,1.7793417,ThinkPad Laptop,Atlanta (GA)
2020-01-31,1.7793417,ThinkPad Laptop,Atlanta (GA)
2020-02-03,1.5728556,ThinkPad Laptop,Atlanta (GA)
2020-02-04,1.7793417,ThinkPad Laptop,Atlanta (GA)
2020-02-05,1.7793417,ThinkPad Laptop,Atlanta (GA)
2020-02-06,1.7793417,ThinkPad Laptop,Atlanta (GA)
2020-02-07,1.7793417,ThinkPad Laptop,Atlanta (GA)
2020-02-10,1.5728556,ThinkPad Laptop,Atlanta (GA)
2020-02-11,1.7793417,ThinkPad Laptop,Atlanta (GA)
2020-02-12,1.7793417,ThinkPad Laptop,Atlanta (GA)
2020-02-13,1.7793417,ThinkPad Laptop,Atlanta (GA)
2020-02-14,1.7793417,ThinkPad Laptop,Atlanta (GA)
2020-02-17,1.5728556,ThinkPad Laptop,Atlanta (GA)
2020-02-18,1.7793417,ThinkPad Laptop,Atlanta (GA)
2020-02-19,1.7793417,ThinkPad Laptop,Atlanta (GA)
2020-02-20,1.7793417,ThinkPad Laptop,Atlanta (GA)
2020-02-21,1.7793417,ThinkPad Laptop,Atlanta (GA)
2020-02-24,1.5728556,ThinkPad Laptop,Atlanta (GA)
2020-02-25,1.7793417,ThinkPad Laptop,Atlanta (GA)
2020-02-26,1.7793417,ThinkPad Laptop,Atlanta (GA)
2020-02-27,1.7793417,ThinkPad Laptop,Atlanta (GA)
2020-02-28,1.7793417,ThinkPad Laptop,Atlanta (GA)
2020-03-02,1.5574881,ThinkPad Laptop,Atlanta (GA)
2020-03-03,1.7639742,ThinkPad Laptop,Atlanta (GA)
2020-03-04,1.7639742,ThinkPad Laptop,Atlanta (GA)
2020-03-05,1.7639742,ThinkPad Laptop,Atlanta (GA)
2020-03-06,1.7639742,ThinkPad Laptop,Atlanta (GA)
2020-03-09,1.5574881,ThinkPad Laptop,Atlanta (GA)
2020-03-10,1.7639742,ThinkPad Laptop,Atlanta (GA)
2020-03-11,1.7639742,ThinkPad Laptop,Atlanta (GA)
2020-03-12,1.7639742,ThinkPad Laptop,Atlanta (GA)
2020-03-13,1.7639742,ThinkPad Laptop,Atlanta (GA)
2020-03-16,1.5574881,ThinkPad Laptop,Atlanta (GA)
2020-03-17,1.7639742,ThinkPad Laptop,Atlanta (GA)
2020-03-18,1.7639742,ThinkPad Laptop,Atlanta (GA)
2020-03-19,1.7639742,ThinkPad Laptop,Atlanta (GA)
2020-03-20,1.7639742,ThinkPad Laptop,Atlanta (GA)
2020-03-23,1.5574881,ThinkPad Laptop,Atlanta (GA)
2020-03-24,1.7639742,ThinkPad Laptop,Atlanta (GA)
2020-01-01,0.97045326,ThinkPad Laptop,Dallas (TX)
2020-01-02,1.3072312,ThinkPad Laptop,Dallas (TX)
2020-01-03,1.4864527,ThinkPad Laptop,Dallas (TX)
2020-01-06,1.647025,ThinkPad Laptop,Dallas (TX)
2020-01-07,1.6414053,ThinkPad Laptop,Dallas (TX)
2020-01-08,1.6597552,ThinkPad Laptop,Dallas (TX)
2020-01-09,1.6486968,ThinkPad Laptop,Dallas (TX)
2020-01-10,1.6479974,ThinkPad Laptop,Dallas (TX)
2020-01-13,1.6392945,ThinkPad Laptop,Dallas (TX)
2020-01-14,1.6392945,ThinkPad Laptop,Dallas (TX)
2020-01-15,1.6639333,ThinkPad Laptop,Dallas (TX)
2020-01-16,1.6465768,ThinkPad Laptop,Dallas (TX)
2020-01-17,1.6465768,ThinkPad Laptop,Dallas (TX)
2020-01-20,1.6392945,ThinkPad Laptop,Dallas (TX)
2020-01-21,1.6392945,ThinkPad Laptop,Dallas (TX)
2020-01-22,1.6639333,ThinkPad Laptop,Dallas (TX)
2020-01-23,1.6465768,ThinkPad Laptop,Dallas (TX)
2020-01-24,1.6465768,ThinkPad Laptop,Dallas (TX)
2020-01-27,1.6392945,ThinkPad Laptop,Dallas (TX)
2020-01-28,1.6392945,ThinkPad Laptop,Dallas (TX)
2020-01-29,1.6639333,ThinkPad Laptop,Dallas (TX)
2020-01-30,1.6465768,ThinkPad Laptop,Dallas (TX)
2020-01-31,1.6465768,ThinkPad Laptop,Dallas (TX)
2020-02-03,1.6392945,ThinkPad Laptop,Dallas (TX)
2020-02-04,1.6392945,ThinkPad Laptop,Dallas (TX)
2020-02-05,1.6639333,ThinkPad Laptop,Dallas (TX)
2020-02-06,1.6465768,ThinkPad Laptop,Dallas (TX)
2020-02-07,1.6465768,ThinkPad Laptop,Dallas (TX)
2020-02-10,1.6060362,ThinkPad Laptop,Dallas (TX)
2020-02-11,1.6060362,ThinkPad Laptop,Dallas (TX)
2020-02-12,1.630675,ThinkPad Laptop,Dallas (TX)
2020-02-13,1.6133184,ThinkPad Laptop,Dallas (TX)
2020-02-14,1.6133184,ThinkPad Laptop,Dallas (TX)
2020-02-17,1.6060362,ThinkPad Laptop,Dallas (TX)
2020-02-18,1.6060362,ThinkPad Laptop,Dallas (TX)
2020-02-19,1.630675,ThinkPad Laptop,Dallas (TX)
2020-02-20,1.6133184,ThinkPad Laptop,Dallas (TX)
2020-02-21,1.6133184,ThinkPad Laptop,Dallas (TX)
2020-02-24,1.6060362,ThinkPad Laptop,Dallas (TX)
2020-02-25,1.6060362,ThinkPad Laptop,Dallas (TX)
2020-02-26,1.630675,ThinkPad Laptop,Dallas (TX)
2020-02-27,1.6133184,ThinkPad Laptop,Dallas (TX)
2020-02-28,1.6133184,ThinkPad Laptop,Dallas (TX)
2020-03-02,1.5841527,ThinkPad Laptop,Dallas (TX)
2020-03-03,1.5841527,ThinkPad Laptop,Dallas (TX)
2020-03-04,1.6087915,ThinkPad Laptop,Dallas (TX)
2020-03-05,1.591435,ThinkPad Laptop,Dallas (TX)
2020-03-06,1.591435,ThinkPad Laptop,Dallas (TX)
2020-03-09,1.5841527,ThinkPad Laptop,Dallas (TX)
2020-03-10,1.5841527,ThinkPad Laptop,Dallas (TX)
2020-03-11,1.6087915,ThinkPad Laptop,Dallas (TX)
2020-03-12,1.591435,ThinkPad Laptop,Dallas (TX)
2020-03-13,1.591435,ThinkPad Laptop,Dallas (TX)
2020-03-16,1.5841527,ThinkPad Laptop,Dallas (TX)
2020-03-17,1.5841527,ThinkPad Laptop,Dallas (TX)
2020-03-18,1.6087915,ThinkPad Laptop,Dallas (TX)
2020-03-19,1.591435,ThinkPad Laptop,Dallas (TX)
2020-03-20,1.591435,ThinkPad Laptop,Dallas (TX)
2020-03-23,1.5841527,ThinkPad Laptop,Dallas (TX)
2020-03-24,1.5841527,ThinkPad Laptop,Dallas (TX)
2020-01-01,0.6740959,ThinkPad Laptop,Seattle (WA)
2020-01-02,0.78318286,ThinkPad Laptop,Seattle (WA)
2020-01-03,0.77648234,ThinkPad Laptop,Seattle (WA)
2020-01-06,0.86408,ThinkPad Laptop,Seattle (WA)
2020-01-07,1.0347443,ThinkPad Laptop,Seattle (WA)
2020-01-08,1.0513854,ThinkPad Laptop,Seattle (WA)
2020-01-09,1.0558257,ThinkPad Laptop,Seattle (WA)
2020-01-10,1.0161562,ThinkPad Laptop,Seattle (WA)
2020-01-13,1.0105637,ThinkPad Laptop,Seattle (WA)
2020-01-14,1.0045909,ThinkPad Laptop,Seattle (WA)
2020-01-15,1.014778,ThinkPad Laptop,Seattle (WA)
2020-01-16,1.0122038,ThinkPad Laptop,Seattle (WA)
2020-01-17,1.0027643,ThinkPad Laptop,Seattle (WA)
2020-01-20,1.0181767,ThinkPad Laptop,Seattle (WA)
2020-01-21,1.0122038,ThinkPad Laptop,Seattle (WA)
2020-01-22,1.0122038,ThinkPad Laptop,Seattle (WA)
2020-01-23,1.0122038,ThinkPad Laptop,Seattle (WA)
2020-01-24,1.0592725,ThinkPad Laptop,Seattle (WA)
2020-01-27,1.0181767,ThinkPad Laptop,Seattle (WA)
2020-01-28,1.0122038,ThinkPad Laptop,Seattle (WA)
2020-01-29,1.0122038,ThinkPad Laptop,Seattle (WA)
2020-01-30,1.0122038,ThinkPad Laptop,Seattle (WA)
2020-01-31,1.0592725,ThinkPad Laptop,Seattle (WA)
2020-02-03,1.0419279,ThinkPad Laptop,Seattle (WA)
2020-02-04,1.035955,ThinkPad Laptop,Seattle (WA)
2020-02-05,1.035955,ThinkPad Laptop,Seattle (WA)
2020-02-06,1.035955,ThinkPad Laptop,Seattle (WA)
2020-02-07,1.0831369,ThinkPad Laptop,Seattle (WA)
2020-02-10,1.0380749,ThinkPad Laptop,Seattle (WA)
2020-02-11,1.032102,ThinkPad Laptop,Seattle (WA)
2020-02-12,1.032102,ThinkPad Laptop,Seattle (WA)
2020-02-13,1.032102,ThinkPad Laptop,Seattle (WA)
2020-02-14,1.0831369,ThinkPad Laptop,Seattle (WA)
2020-02-17,1.0519428,ThinkPad Laptop,Seattle (WA)
2020-02-18,1.04597,ThinkPad Laptop,Seattle (WA)
2020-02-19,1.04597,ThinkPad Laptop,Seattle (WA)
2020-02-20,1.04597,ThinkPad Laptop,Seattle (WA)
2020-02-21,1.097005,ThinkPad Laptop,Seattle (WA)
2020-02-24,1.0519428,ThinkPad Laptop,Seattle (WA)
2020-02-25,1.04597,ThinkPad Laptop,Seattle (WA)
2020-02-26,1.04597,ThinkPad Laptop,Seattle (WA)
2020-02-27,1.04597,ThinkPad Laptop,Seattle (WA)
2020-02-28,1.097005,ThinkPad Laptop,Seattle (WA)
2020-03-02,1.1966643,ThinkPad Laptop,Seattle (WA)
2020-03-03,1.1906915,ThinkPad Laptop,Seattle (WA)
2020-03-04,1.1906915,ThinkPad Laptop,Seattle (WA)
2020-03-05,1.1906915,ThinkPad Laptop,Seattle (WA)
2020-03-06,1.1116925,ThinkPad Laptop,Seattle (WA)
2020-03-09,1.1885734,ThinkPad Laptop,Seattle (WA)
2020-03-10,1.1826005,ThinkPad Laptop,Seattle (WA)
2020-03-11,1.1826005,ThinkPad Laptop,Seattle (WA)
2020-03-12,1.1826005,ThinkPad Laptop,Seattle (WA)
2020-03-13,1.1036016,ThinkPad Laptop,Seattle (WA)
2020-03-16,1.1885734,ThinkPad Laptop,Seattle (WA)
2020-03-17,1.1826005,ThinkPad Laptop,Seattle (WA)
2020-03-18,1.1826005,ThinkPad Laptop,Seattle (WA)
2020-03-19,1.1826005,ThinkPad Laptop,Seattle (WA)
2020-03-20,1.1036016,ThinkPad Laptop,Seattle (WA)
2020-03-23,1.1885734,ThinkPad Laptop,Seattle (WA)
2020-03-24,1.1826005,ThinkPad Laptop,Seattle (WA)
2020-01-01,1.2928098,ThinkPad Laptop,Portland (OR)
2020-01-02,1.1901098,ThinkPad Laptop,Portland (OR)
2020-01-03,1.5393832,ThinkPad Laptop,Portland (OR)
2020-01-06,1.3231509,ThinkPad Laptop,Portland (OR)
2020-01-07,1.5047475,ThinkPad Laptop,Portland (OR)
2020-01-08,1.5711726,ThinkPad Laptop,Portland (OR)
2020-01-09,1.5586777,ThinkPad Laptop,Portland (OR)
2020-01-10,1.4986005,ThinkPad Laptop,Portland (OR)
2020-01-13,1.5391489,ThinkPad Laptop,Portland (OR)
2020-01-14,1.5391489,ThinkPad Laptop,Portland (OR)
2020-01-15,1.5327599,ThinkPad Laptop,Portland (OR)
2020-01-16,1.5202651,ThinkPad Laptop,Portland (OR)
2020-01-17,1.4986005,ThinkPad Laptop,Portland (OR)
2020-01-20,1.5391489,ThinkPad Laptop,Portland (OR)
2020-01-21,1.5391489,ThinkPad Laptop,Portland (OR)
2020-01-22,1.5327599,ThinkPad Laptop,Portland (OR)
2020-01-23,1.5202651,ThinkPad Laptop,Portland (OR)
2020-01-24,1.4986005,ThinkPad Laptop,Portland (OR)
2020-01-27,1.5391489,ThinkPad Laptop,Portland (OR)
2020-01-28,1.5391489,ThinkPad Laptop,Portland (OR)
2020-01-29,1.5327599,ThinkPad Laptop,Portland (OR)
2020-01-30,1.5202651,ThinkPad Laptop,Portland (OR)
2020-01-31,1.4986005,ThinkPad Laptop,Portland (OR)
2020-02-03,1.5391489,ThinkPad Laptop,Portland (OR)
2020-02-04,1.5391489,ThinkPad Laptop,Portland (OR)
2020-02-05,1.5327599,ThinkPad Laptop,Portland (OR)
2020-02-06,1.5202651,ThinkPad Laptop,Portland (OR)
2020-02-07,1.4986005,ThinkPad Laptop,Portland (OR)
2020-02-10,1.5391489,ThinkPad Laptop,Portland (OR)
2020-02-11,1.5391489,ThinkPad Laptop,Portland (OR)
2020-02-12,1.5327599,ThinkPad Laptop,Portland (OR)
2020-02-13,1.5202651,ThinkPad Laptop,Portland (OR)
2020-02-14,1.4986005,ThinkPad Laptop,Portland (OR)
2020-02-17,1.5391489,ThinkPad Laptop,Portland (OR)
2020-02-18,1.5391489,ThinkPad Laptop,Portland (OR)
2020-02-19,1.5327599,ThinkPad Laptop,Portland (OR)
2020-02-20,1.5202651,ThinkPad Laptop,Portland (OR)
2020-02-21,1.4986005,ThinkPad Laptop,Portland (OR)
2020-02-24,1.5391489,ThinkPad Laptop,Portland (OR)
2020-02-25,1.5391489,ThinkPad Laptop,Portland (OR)
2020-02-26,1.5327599,ThinkPad Laptop,Portland (OR)
2020-02-27,1.5202651,ThinkPad Laptop,Portland (OR)
2020-02-28,1.4986005,ThinkPad Laptop,Portland (OR)
2020-03-02,1.5391489,ThinkPad Laptop,Portland (OR)
2020-03-03,1.5391489,ThinkPad Laptop,Portland (OR)
2020-03-04,1.5327599,ThinkPad Laptop,Portland (OR)
2020-03-05,1.5202651,ThinkPad Laptop,Portland (OR)
2020-03-06,1.4986005,ThinkPad Laptop,Portland (OR)
2020-03-09,1.5391489,ThinkPad Laptop,Portland (OR)
2020-03-10,1.5391489,ThinkPad Laptop,Portland (OR)
2020-03-11,1.5327599,ThinkPad Laptop,Portland (OR)
2020-03-12,1.5202651,ThinkPad Laptop,Portland (OR)
2020-03-13,1.4986005,ThinkPad Laptop,Portland (OR)
2020-03-16,1.5391489,ThinkPad Laptop,Portland (OR)
2020-03-17,1.5391489,ThinkPad Laptop,Portland (OR)
2020-03-18,1.5327599,ThinkPad Laptop,Portland (OR)
2020-03-19,1.5202651,ThinkPad Laptop,Portland (OR)
2020-03-20,1.4986005,ThinkPad Laptop,Portland (OR)
2020-03-23,1.5391489,ThinkPad Laptop,Portland (OR)
2020-03-24,1.5391489,ThinkPad Laptop,Portland (OR)
2019-12-31,0.6727174,ThinkPad Laptop,Austin (TX)
2020-01-01,1.2967236,ThinkPad Laptop,Austin (TX)
2020-01-02,1.2223951,ThinkPad Laptop,Austin (TX)
2020-01-03,0.98373646,ThinkPad Laptop,Austin (TX)
2020-01-06,0.71618223,ThinkPad Laptop,Austin (TX)
2020-01-07,0.95766103,ThinkPad Laptop,Austin (TX)
2020-01-08,1.2696816,ThinkPad Laptop,Austin (TX)
2020-01-09,1.2790784,ThinkPad Laptop,Austin (TX)
2020-01-10,1.2348778,ThinkPad Laptop,Austin (TX)
2020-01-13,0.91006935,ThinkPad Laptop,Austin (TX)
2020-01-14,0.9676035,ThinkPad Laptop,Austin (TX)
2020-01-15,1.3037663,ThinkPad Laptop,Austin (TX)
2020-01-16,1.2790784,ThinkPad Laptop,Austin (TX)
2020-01-17,1.2348778,ThinkPad Laptop,Austin (TX)
2020-01-20,0.91006935,ThinkPad Laptop,Austin (TX)
2020-01-21,0.9335189,ThinkPad Laptop,Austin (TX)
2020-01-22,1.3037663,ThinkPad Laptop,Austin (TX)
2020-01-23,1.2790784,ThinkPad Laptop,Austin (TX)
2020-01-24,1.2348778,ThinkPad Laptop,Austin (TX)
2020-01-27,0.91006935,ThinkPad Laptop,Austin (TX)
2020-01-28,0.9335189,ThinkPad Laptop,Austin (TX)
2020-01-29,1.3037663,ThinkPad Laptop,Austin (TX)
2020-01-30,1.2790784,ThinkPad Laptop,Austin (TX)
2020-01-31,1.2348778,ThinkPad Laptop,Austin (TX)
2020-02-03,0.91006935,ThinkPad Laptop,Austin (TX)
2020-02-04,0.9335189,ThinkPad Laptop,Austin (TX)
2020-02-05,1.3037663,ThinkPad Laptop,Austin (TX)
2020-02-06,1.2790784,ThinkPad Laptop,Austin (TX)
2020-02-07,1.2348778,ThinkPad Laptop,Austin (TX)
2020-02-10,0.91006935,ThinkPad Laptop,Austin (TX)
2020-02-11,0.9335189,ThinkPad Laptop,Austin (TX)
2020-02-12,1.3037663,ThinkPad Laptop,Austin (TX)
2020-02-13,1.2790784,ThinkPad Laptop,Austin (TX)
2020-02-14,1.2348778,ThinkPad Laptop,Austin (TX)
2020-02-17,0.91006935,ThinkPad Laptop,Austin (TX)
2020-02-18,0.9335189,ThinkPad Laptop,Austin (TX)
2020-02-19,1.3037663,ThinkPad Laptop,Austin (TX)
2020-02-20,1.2790784,ThinkPad Laptop,Austin (TX)
2020-02-21,1.2348778,ThinkPad Laptop,Austin (TX)
2020-02-24,0.91006935,ThinkPad Laptop,Austin (TX)
2020-02-25,0.9335189,ThinkPad Laptop,Austin (TX)
2020-02-26,1.3037663,ThinkPad Laptop,Austin (TX)
2020-02-27,1.2790784,ThinkPad Laptop,Austin (TX)
2020-02-28,1.2348778,ThinkPad Laptop,Austin (TX)
2020-03-02,0.91006935,ThinkPad Laptop,Austin (TX)
2020-03-03,0.9335189,ThinkPad Laptop,Austin (TX)
2020-03-04,1.3037663,ThinkPad Laptop,Austin (TX)
2020-03-05,1.2827722,ThinkPad Laptop,Austin (TX)
2020-03-06,1.2385716,ThinkPad Laptop,Austin (TX)
2020-03-09,0.91006935,ThinkPad Laptop,Austin (TX)
2020-03-10,0.9335189,ThinkPad Laptop,Austin (TX)
2020-03-11,1.3037663,ThinkPad Laptop,Austin (TX)
2020-03-12,1.2827722,ThinkPad Laptop,Austin (TX)
2020-03-13,1.2385716,ThinkPad Laptop,Austin (TX)
2020-03-16,0.91006935,ThinkPad Laptop,Austin (TX)
2020-03-17,0.9335189,ThinkPad Laptop,Austin (TX)
2020-03-18,1.3037663,ThinkPad Laptop,Austin (TX)
2020-03-19,1.2827722,ThinkPad Laptop,Austin (TX)
2020-03-20,1.2385716,ThinkPad Laptop,Austin (TX)
2020-03-23,0.91006935,ThinkPad Laptop,Austin (TX)
2019-12-30,0.1337138,ThinkPad Laptop,Portland (ME)
2019-12-31,0.1337138,ThinkPad Laptop,Portland (ME)
2020-01-01,0.12813495,ThinkPad Laptop,Portland (ME)
2020-01-02,0.13625994,ThinkPad Laptop,Portland (ME)
2020-01-03,0.15262862,ThinkPad Laptop,Portland (ME)
2020-01-06,0.14926152,ThinkPad Laptop,Portland (ME)
2020-01-07,0.14926152,ThinkPad Laptop,Portland (ME)
2020-01-08,0.14811596,ThinkPad Laptop,Portland (ME)
2020-01-09,0.15262862,ThinkPad Laptop,Portland (ME)
2020-01-10,0.13476631,ThinkPad Laptop,Portland (ME)
2020-01-13,0.12928051,ThinkPad Laptop,Portland (ME)
2020-01-14,0.12928051,ThinkPad Laptop,Portland (ME)
2020-01-15,0.14811596,ThinkPad Laptop,Portland (ME)
2020-01-16,0.15262862,ThinkPad Laptop,Portland (ME)
2020-01-17,0.15262862,ThinkPad Laptop,Portland (ME)
2020-01-20,0.14926152,ThinkPad Laptop,Portland (ME)
2020-01-21,0.14926152,ThinkPad Laptop,Portland (ME)
2020-01-22,0.12813495,ThinkPad Laptop,Portland (ME)
2020-01-23,0.1326476,ThinkPad Laptop,Portland (ME)
2020-01-24,0.13476631,ThinkPad Laptop,Portland (ME)
2020-01-27,0.14926152,ThinkPad Laptop,Portland (ME)
2020-01-28,0.14926152,ThinkPad Laptop,Portland (ME)
2020-01-29,0.14811596,ThinkPad Laptop,Portland (ME)
2020-01-30,0.15262862,ThinkPad Laptop,Portland (ME)
2020-01-31,0.15262862,ThinkPad Laptop,Portland (ME)
2020-02-03,0.12928051,ThinkPad Laptop,Portland (ME)
2020-02-04,0.12928051,ThinkPad Laptop,Portland (ME)
2020-02-05,0.12813495,ThinkPad Laptop,Portland (ME)
2020-02-06,0.15262862,ThinkPad Laptop,Portland (ME)
2020-02-07,0.15262862,ThinkPad Laptop,Portland (ME)
2020-02-10,0.14926152,ThinkPad Laptop,Portland (ME)
2020-02-11,0.14926152,ThinkPad Laptop,Portland (ME)
2020-02-12,0.14811596,ThinkPad Laptop,Portland (ME)
2020-02-13,0.1326476,ThinkPad Laptop,Portland (ME)
2020-02-14,0.13476631,ThinkPad Laptop,Portland (ME)
2020-02-17,0.12928051,ThinkPad Laptop,Portland (ME)
2020-02-18,0.14926152,ThinkPad Laptop,Portland (ME)
2020-02-19,0.14811596,ThinkPad Laptop,Portland (ME)
2020-02-20,0.15262862,ThinkPad Laptop,Portland (ME)
2020-02-21,0.15262862,ThinkPad Laptop,Portland (ME)
2020-02-24,0.14926152,ThinkPad Laptop,Portland (ME)
2020-02-25,0.12928051,ThinkPad Laptop,Portland (ME)
2020-02-26,0.12813495,ThinkPad Laptop,Portland (ME)
2020-02-27,0.1326476,ThinkPad Laptop,Portland (ME)
2020-02-28,0.15262862,ThinkPad Laptop,Portland (ME)
2020-03-02,0.14926152,ThinkPad Laptop,Portland (ME)
2020-03-03,0.14926152,ThinkPad Laptop,Portland (ME)
2020-03-04,0.14811596,ThinkPad Laptop,Portland (ME)
2020-03-05,0.15262862,ThinkPad Laptop,Portland (ME)
2020-03-06,0.13476631,ThinkPad Laptop,Portland (ME)
2020-03-09,0.12928051,ThinkPad Laptop,Portland (ME)
2020-03-10,0.12928051,ThinkPad Laptop,Portland (ME)
2020-03-11,0.14811596,ThinkPad Laptop,Portland (ME)
2020-03-12,0.15262862,ThinkPad Laptop,Portland (ME)
2020-03-13,0.15262862,ThinkPad Laptop,Portland (ME)
2020-03-16,0.14926152,ThinkPad Laptop,Portland (ME)
2020-03-17,0.14926152,ThinkPad Laptop,Portland (ME)
2020-03-18,0.12813495,ThinkPad Laptop,Portland (ME)
2020-03-19,0.146888,ThinkPad Laptop,Portland (ME)
2020-03-20,0.14900671,ThinkPad Laptop,Portland (ME)
2020-01-02,17.200987,AAA Batteries (4-pack),San Francisco (CA)
2020-01-03,20.079483,AAA Batteries (4-pack),San Francisco (CA)
2020-01-06,17.595968,AAA Batteries (4-pack),San Francisco (CA)
2020-01-07,17.745697,AAA Batteries (4-pack),San Francisco (CA)
2020-01-08,17.719439,AAA Batteries (4-pack),San Francisco (CA)
2020-01-09,17.13542,AAA Batteries (4-pack),San Francisco (CA)
2020-01-10,16.602722,AAA Batteries (4-pack),San Francisco (CA)
2020-01-13,18.342138,AAA Batteries (4-pack),San Francisco (CA)
2020-01-14,18.288237,AAA Batteries (4-pack),San Francisco (CA)
2020-01-15,18.342138,AAA Batteries (4-pack),San Francisco (CA)
2020-01-16,18.563345,AAA Batteries (4-pack),San Francisco (CA)
2020-01-17,18.585613,AAA Batteries (4-pack),San Francisco (CA)
2020-01-20,18.609747,AAA Batteries (4-pack),San Francisco (CA)
2020-01-21,18.609747,AAA Batteries (4-pack),San Francisco (CA)
2020-01-22,18.609747,AAA Batteries (4-pack),San Francisco (CA)
2020-01-23,18.609747,AAA Batteries (4-pack),San Francisco (CA)
2020-01-24,18.585613,AAA Batteries (4-pack),San Francisco (CA)
2020-01-27,18.609747,AAA Batteries (4-pack),San Francisco (CA)
2020-01-28,18.609747,AAA Batteries (4-pack),San Francisco (CA)
2020-01-29,18.609747,AAA Batteries (4-pack),San Francisco (CA)
2020-01-30,18.609747,AAA Batteries (4-pack),San Francisco (CA)
2020-01-31,18.585613,AAA Batteries (4-pack),San Francisco (CA)
2020-02-03,21.080193,AAA Batteries (4-pack),San Francisco (CA)
2020-02-04,21.112835,AAA Batteries (4-pack),San Francisco (CA)
2020-02-05,21.057638,AAA Batteries (4-pack),San Francisco (CA)
2020-02-06,21.057638,AAA Batteries (4-pack),San Francisco (CA)
2020-02-07,21.033504,AAA Batteries (4-pack),San Francisco (CA)
2020-02-10,21.23328,AAA Batteries (4-pack),San Francisco (CA)
2020-02-11,21.23328,AAA Batteries (4-pack),San Francisco (CA)
2020-02-12,21.845581,AAA Batteries (4-pack),San Francisco (CA)
2020-02-13,21.845581,AAA Batteries (4-pack),San Francisco (CA)
2020-02-14,21.845581,AAA Batteries (4-pack),San Francisco (CA)
2020-02-17,21.898369,AAA Batteries (4-pack),San Francisco (CA)
2020-02-18,21.898369,AAA Batteries (4-pack),San Francisco (CA)
2020-02-19,21.898369,AAA Batteries (4-pack),San Francisco (CA)
2020-02-20,21.898369,AAA Batteries (4-pack),San Francisco (CA)
2020-02-21,21.94322,AAA Batteries (4-pack),San Francisco (CA)
2020-02-24,21.94322,AAA Batteries (4-pack),San Francisco (CA)
2020-02-25,21.94322,AAA Batteries (4-pack),San Francisco (CA)
2020-02-26,21.94322,AAA Batteries (4-pack),San Francisco (CA)
2020-02-27,21.94322,AAA Batteries (4-pack),San Francisco (CA)
2020-02-28,21.94322,AAA Batteries (4-pack),San Francisco (CA)
2020-03-02,22.193485,AAA Batteries (4-pack),San Francisco (CA)
2020-03-03,22.218601,AAA Batteries (4-pack),San Francisco (CA)
2020-03-04,22.22278,AAA Batteries (4-pack),San Francisco (CA)
2020-03-05,22.22278,AAA Batteries (4-pack),San Francisco (CA)
2020-03-06,22.22278,AAA Batteries (4-pack),San Francisco (CA)
2020-03-09,22.60793,AAA Batteries (4-pack),San Francisco (CA)
2020-03-10,22.60793,AAA Batteries (4-pack),San Francisco (CA)
2020-03-11,22.623585,AAA Batteries (4-pack),San Francisco (CA)
2020-03-12,22.623585,AAA Batteries (4-pack),San Francisco (CA)
2020-03-13,22.623585,AAA Batteries (4-pack),San Francisco (CA)
2020-03-16,22.623585,AAA Batteries (4-pack),San Francisco (CA)
2020-03-17,22.623585,AAA Batteries (4-pack),San Francisco (CA)
2020-03-18,22.623585,AAA Batteries (4-pack),San Francisco (CA)
2020-03-19,22.623585,AAA Batteries (4-pack),San Francisco (CA)
2020-03-20,22.623585,AAA Batteries (4-pack),San Francisco (CA)
2020-03-23,22.67903,AAA Batteries (4-pack),San Francisco (CA)
2020-03-24,22.67903,AAA Batteries (4-pack),San Francisco (CA)
2020-03-25,22.67903,AAA Batteries (4-pack),San Francisco (CA)
2020-01-01,21.893286,AAA Batteries (4-pack),Los Angeles (CA)
2020-01-02,19.9561,AAA Batteries (4-pack),Los Angeles (CA)
2020-01-03,21.773241,AAA Batteries (4-pack),Los Angeles (CA)
2020-01-06,22.370749,AAA Batteries (4-pack),Los Angeles (CA)
2020-01-07,19.910942,AAA Batteries (4-pack),Los Angeles (CA)
2020-01-08,21.428852,AAA Batteries (4-pack),Los Angeles (CA)
2020-01-09,21.015932,AAA Batteries (4-pack),Los Angeles (CA)
2020-01-10,21.129898,AAA Batteries (4-pack),Los Angeles (CA)
2020-01-13,22.104671,AAA Batteries (4-pack),Los Angeles (CA)
2020-01-14,21.263962,AAA Batteries (4-pack),Los Angeles (CA)
2020-01-15,21.054178,AAA Batteries (4-pack),Los Angeles (CA)
2020-01-16,20.995945,AAA Batteries (4-pack),Los Angeles (CA)
2020-01-17,21.054178,AAA Batteries (4-pack),Los Angeles (CA)
2020-01-20,22.104671,AAA Batteries (4-pack),Los Angeles (CA)
2020-01-21,21.339682,AAA Batteries (4-pack),Los Angeles (CA)
2020-01-22,21.054178,AAA Batteries (4-pack),Los Angeles (CA)
2020-01-23,20.995945,AAA Batteries (4-pack),Los Angeles (CA)
2020-01-24,21.054178,AAA Batteries (4-pack),Los Angeles (CA)
2020-01-27,22.104671,AAA Batteries (4-pack),Los Angeles (CA)
2020-01-28,21.339682,AAA Batteries (4-pack),Los Angeles (CA)
2020-01-29,21.054178,AAA Batteries (4-pack),Los Angeles (CA)
2020-01-30,20.995945,AAA Batteries (4-pack),Los Angeles (CA)
2020-01-31,21.054178,AAA Batteries (4-pack),Los Angeles (CA)
2020-02-03,22.104671,AAA Batteries (4-pack),Los Angeles (CA)
2020-02-04,21.339682,AAA Batteries (4-pack),Los Angeles (CA)
2020-02-05,21.054178,AAA Batteries (4-pack),Los Angeles (CA)
2020-02-06,20.995945,AAA Batteries (4-pack),Los Angeles (CA)
2020-02-07,21.054178,AAA Batteries (4-pack),Los Angeles (CA)
2020-02-10,22.104671,AAA Batteries (4-pack),Los Angeles (CA)
2020-02-11,21.339682,AAA Batteries (4-pack),Los Angeles (CA)
2020-02-12,21.054178,AAA Batteries (4-pack),Los Angeles (CA)
2020-02-13,20.995945,AAA Batteries (4-pack),Los Angeles (CA)
2020-02-14,21.054178,AAA Batteries (4-pack),Los Angeles (CA)
2020-02-17,22.104671,AAA Batteries (4-pack),Los Angeles (CA)
2020-02-18,21.339682,AAA Batteries (4-pack),Los Angeles (CA)
2020-02-19,21.054178,AAA Batteries (4-pack),Los Angeles (CA)
2020-02-20,20.995945,AAA Batteries (4-pack),Los Angeles (CA)
2020-02-21,21.054178,AAA Batteries (4-pack),Los Angeles (CA)
2020-02-24,22.104671,AAA Batteries (4-pack),Los Angeles (CA)
2020-02-25,21.339682,AAA Batteries (4-pack),Los Angeles (CA)
2020-02-26,21.054178,AAA Batteries (4-pack),Los Angeles (CA)
2020-02-27,20.995945,AAA Batteries (4-pack),Los Angeles (CA)
2020-02-28,21.054178,AAA Batteries (4-pack),Los Angeles (CA)
2020-03-02,22.104671,AAA Batteries (4-pack),Los Angeles (CA)
2020-03-03,21.339682,AAA Batteries (4-pack),Los Angeles (CA)
2020-03-04,21.054178,AAA Batteries (4-pack),Los Angeles (CA)
2020-03-05,20.995945,AAA Batteries (4-pack),Los Angeles (CA)
2020-03-06,21.054178,AAA Batteries (4-pack),Los Angeles (CA)
2020-03-09,22.104671,AAA Batteries (4-pack),Los Angeles (CA)
2020-03-10,21.339682,AAA Batteries (4-pack),Los Angeles (CA)
2020-03-11,21.054178,AAA Batteries (4-pack),Los Angeles (CA)
2020-03-12,20.995945,AAA Batteries (4-pack),Los Angeles (CA)
2020-03-13,21.054178,AAA Batteries (4-pack),Los Angeles (CA)
2020-03-16,22.104671,AAA Batteries (4-pack),Los Angeles (CA)
2020-03-17,21.339682,AAA Batteries (4-pack),Los Angeles (CA)
2020-03-18,21.054178,AAA Batteries (4-pack),Los Angeles (CA)
2020-03-19,20.995945,AAA Batteries (4-pack),Los Angeles (CA)
2020-03-20,21.054178,AAA Batteries (4-pack),Los Angeles (CA)
2020-03-23,22.104671,AAA Batteries (4-pack),Los Angeles (CA)
2020-03-24,21.339682,AAA Batteries (4-pack),Los Angeles (CA)
2020-01-02,11.794704,AAA Batteries (4-pack),New York City (NY)
2020-01-03,11.633069,AAA Batteries (4-pack),New York City (NY)
2020-01-06,11.905795,AAA Batteries (4-pack),New York City (NY)
2020-01-07,11.789398,AAA Batteries (4-pack),New York City (NY)
2020-01-08,10.879139,AAA Batteries (4-pack),New York City (NY)
2020-01-09,11.747757,AAA Batteries (4-pack),New York City (NY)
2020-01-10,10.684873,AAA Batteries (4-pack),New York City (NY)
2020-01-13,11.06501,AAA Batteries (4-pack),New York City (NY)
2020-01-14,10.860605,AAA Batteries (4-pack),New York City (NY)
2020-01-15,10.932893,AAA Batteries (4-pack),New York City (NY)
2020-01-16,10.932893,AAA Batteries (4-pack),New York City (NY)
2020-01-17,10.932893,AAA Batteries (4-pack),New York City (NY)
2020-01-20,11.111119,AAA Batteries (4-pack),New York City (NY)
2020-01-21,10.906714,AAA Batteries (4-pack),New York City (NY)
2020-01-22,10.932893,AAA Batteries (4-pack),New York City (NY)
2020-01-23,10.932893,AAA Batteries (4-pack),New York City (NY)
2020-01-24,10.932893,AAA Batteries (4-pack),New York City (NY)
2020-01-27,11.012212,AAA Batteries (4-pack),New York City (NY)
2020-01-28,10.807807,AAA Batteries (4-pack),New York City (NY)
2020-01-29,10.833985,AAA Batteries (4-pack),New York City (NY)
2020-01-30,10.833985,AAA Batteries (4-pack),New York City (NY)
2020-01-31,10.833985,AAA Batteries (4-pack),New York City (NY)
2020-02-03,11.012212,AAA Batteries (4-pack),New York City (NY)
2020-02-04,10.807807,AAA Batteries (4-pack),New York City (NY)
2020-02-05,10.833985,AAA Batteries (4-pack),New York City (NY)
2020-02-06,10.833985,AAA Batteries (4-pack),New York City (NY)
2020-02-07,10.833985,AAA Batteries (4-pack),New York City (NY)
2020-02-10,11.041625,AAA Batteries (4-pack),New York City (NY)
2020-02-11,10.83722,AAA Batteries (4-pack),New York City (NY)
2020-02-12,10.863399,AAA Batteries (4-pack),New York City (NY)
2020-02-13,10.863399,AAA Batteries (4-pack),New York City (NY)
2020-02-14,10.863399,AAA Batteries (4-pack),New York City (NY)
2020-02-17,11.253871,AAA Batteries (4-pack),New York City (NY)
2020-02-18,11.049466,AAA Batteries (4-pack),New York City (NY)
2020-02-19,11.049466,AAA Batteries (4-pack),New York City (NY)
2020-02-20,11.049466,AAA Batteries (4-pack),New York City (NY)
2020-02-21,11.049466,AAA Batteries (4-pack),New York City (NY)
2020-02-24,11.227693,AAA Batteries (4-pack),New York City (NY)
2020-02-25,11.049466,AAA Batteries (4-pack),New York City (NY)
2020-02-26,11.049466,AAA Batteries (4-pack),New York City (NY)
2020-02-27,11.049466,AAA Batteries (4-pack),New York City (NY)
2020-02-28,11.049466,AAA Batteries (4-pack),New York City (NY)
2020-03-02,11.289654,AAA Batteries (4-pack),New York City (NY)
2020-03-03,11.111427,AAA Batteries (4-pack),New York City (NY)
2020-03-04,11.111427,AAA Batteries (4-pack),New York City (NY)
2020-03-05,11.111427,AAA Batteries (4-pack),New York City (NY)
2020-03-06,11.111427,AAA Batteries (4-pack),New York City (NY)
2020-03-09,11.289654,AAA Batteries (4-pack),New York City (NY)
2020-03-10,11.111427,AAA Batteries (4-pack),New York City (NY)
2020-03-11,11.111427,AAA Batteries (4-pack),New York City (NY)
2020-03-12,11.111427,AAA Batteries (4-pack),New York City (NY)
2020-03-13,11.111427,AAA Batteries (4-pack),New York City (NY)
2020-03-16,11.387826,AAA Batteries (4-pack),New York City (NY)
2020-03-17,11.2095995,AAA Batteries (4-pack),New York City (NY)
2020-03-18,11.2095995,AAA Batteries (4-pack),New York City (NY)
2020-03-19,11.2095995,AAA Batteries (4-pack),New York City (NY)
2020-03-20,11.2095995,AAA Batteries (4-pack),New York City (NY)
2020-03-23,11.387826,AAA Batteries (4-pack),New York City (NY)
2020-03-24,11.2095995,AAA Batteries (4-pack),New York City (NY)
2020-03-25,11.2095995,AAA Batteries (4-pack),New York City (NY)
2020-01-01,14.6058445,AAA Batteries (4-pack),Boston (MA)
2020-01-02,14.738336,AAA Batteries (4-pack),Boston (MA)
2020-01-03,13.550867,AAA Batteries (4-pack),Boston (MA)
2020-01-06,13.449391,AAA Batteries (4-pack),Boston (MA)
2020-01-07,13.449391,AAA Batteries (4-pack),Boston (MA)
2020-01-08,13.642517,AAA Batteries (4-pack),Boston (MA)
2020-01-09,13.599965,AAA Batteries (4-pack),Boston (MA)
2020-01-10,13.565812,AAA Batteries (4-pack),Boston (MA)
2020-01-13,13.720663,AAA Batteries (4-pack),Boston (MA)
2020-01-14,13.720663,AAA Batteries (4-pack),Boston (MA)
2020-01-15,13.642517,AAA Batteries (4-pack),Boston (MA)
2020-01-16,13.580746,AAA Batteries (4-pack),Boston (MA)
2020-01-17,13.546593,AAA Batteries (4-pack),Boston (MA)
2020-01-20,13.720663,AAA Batteries (4-pack),Boston (MA)
2020-01-21,13.720663,AAA Batteries (4-pack),Boston (MA)
2020-01-22,13.642517,AAA Batteries (4-pack),Boston (MA)
2020-01-23,13.580746,AAA Batteries (4-pack),Boston (MA)
2020-01-24,13.546593,AAA Batteries (4-pack),Boston (MA)
2020-01-27,13.720663,AAA Batteries (4-pack),Boston (MA)
2020-01-28,13.720663,AAA Batteries (4-pack),Boston (MA)
2020-01-29,13.642517,AAA Batteries (4-pack),Boston (MA)
2020-01-30,13.580746,AAA Batteries (4-pack),Boston (MA)
2020-01-31,13.546593,AAA Batteries (4-pack),Boston (MA)
2020-02-03,13.720663,AAA Batteries (4-pack),Boston (MA)
2020-02-04,13.720663,AAA Batteries (4-pack),Boston (MA)
2020-02-05,13.642517,AAA Batteries (4-pack),Boston (MA)
2020-02-06,13.580746,AAA Batteries (4-pack),Boston (MA)
2020-02-07,13.546593,AAA Batteries (4-pack),Boston (MA)
2020-02-10,13.720663,AAA Batteries (4-pack),Boston (MA)
2020-02-11,13.720663,AAA Batteries (4-pack),Boston (MA)
2020-02-12,13.642517,AAA Batteries (4-pack),Boston (MA)
2020-02-13,13.580746,AAA Batteries (4-pack),Boston (MA)
2020-02-14,13.546593,AAA Batteries (4-pack),Boston (MA)
2020-02-17,13.720663,AAA Batteries (4-pack),Boston (MA)
2020-02-18,13.720663,AAA Batteries (4-pack),Boston (MA)
2020-02-19,13.642517,AAA Batteries (4-pack),Boston (MA)
2020-02-20,13.580746,AAA Batteries (4-pack),Boston (MA)
2020-02-21,13.546593,AAA Batteries (4-pack),Boston (MA)
2020-02-24,13.720663,AAA Batteries (4-pack),Boston (MA)
2020-02-25,13.720663,AAA Batteries (4-pack),Boston (MA)
2020-02-26,13.642517,AAA Batteries (4-pack),Boston (MA)
2020-02-27,13.580746,AAA Batteries (4-pack),Boston (MA)
2020-02-28,13.546593,AAA Batteries (4-pack),Boston (MA)
2020-03-02,13.720663,AAA Batteries (4-pack),Boston (MA)
2020-03-03,13.720663,AAA Batteries (4-pack),Boston (MA)
2020-03-04,13.642517,AAA Batteries (4-pack),Boston (MA)
2020-03-05,13.580746,AAA Batteries (4-pack),Boston (MA)
2020-03-06,13.546593,AAA Batteries (4-pack),Boston (MA)
2020-03-09,13.720663,AAA Batteries (4-pack),Boston (MA)
2020-03-10,13.720663,AAA Batteries (4-pack),Boston (MA)
2020-03-11,13.642517,AAA Batteries (4-pack),Boston (MA)
2020-03-12,13.580746,AAA Batteries (4-pack),Boston (MA)
2020-03-13,13.546593,AAA Batteries (4-pack),Boston (MA)
2020-03-16,13.720663,AAA Batteries (4-pack),Boston (MA)
2020-03-17,13.720663,AAA Batteries (4-pack),Boston (MA)
2020-03-18,13.642517,AAA Batteries (4-pack),Boston (MA)
2020-03-19,13.580746,AAA Batteries (4-pack),Boston (MA)
2020-03-20,13.546593,AAA Batteries (4-pack),Boston (MA)
2020-03-23,13.720663,AAA Batteries (4-pack),Boston (MA)
2020-03-24,13.720663,AAA Batteries (4-pack),Boston (MA)
2020-01-01,7.2715073,AAA Batteries (4-pack),Atlanta (GA)
2020-01-02,7.6870146,AAA Batteries (4-pack),Atlanta (GA)
2020-01-03,7.7475595,AAA Batteries (4-pack),Atlanta (GA)
2020-01-06,7.760272,AAA Batteries (4-pack),Atlanta (GA)
2020-01-07,7.760272,AAA Batteries (4-pack),Atlanta (GA)
2020-01-08,8.649161,AAA Batteries (4-pack),Atlanta (GA)
2020-01-09,8.678869,AAA Batteries (4-pack),Atlanta (GA)
2020-01-10,9.810257,AAA Batteries (4-pack),Atlanta (GA)
2020-01-13,9.924712,AAA Batteries (4-pack),Atlanta (GA)
2020-01-14,9.924712,AAA Batteries (4-pack),Atlanta (GA)
2020-01-15,9.942994,AAA Batteries (4-pack),Atlanta (GA)
2020-01-16,9.942994,AAA Batteries (4-pack),Atlanta (GA)
2020-01-17,9.942994,AAA Batteries (4-pack),Atlanta (GA)
2020-01-20,9.985863,AAA Batteries (4-pack),Atlanta (GA)
2020-01-21,9.985863,AAA Batteries (4-pack),Atlanta (GA)
2020-01-22,9.942994,AAA Batteries (4-pack),Atlanta (GA)
2020-01-23,9.942994,AAA Batteries (4-pack),Atlanta (GA)
2020-01-24,9.942994,AAA Batteries (4-pack),Atlanta (GA)
2020-01-27,9.985863,AAA Batteries (4-pack),Atlanta (GA)
2020-01-28,9.985863,AAA Batteries (4-pack),Atlanta (GA)
2020-01-29,9.942994,AAA Batteries (4-pack),Atlanta (GA)
2020-01-30,9.942994,AAA Batteries (4-pack),Atlanta (GA)
2020-01-31,9.942994,AAA Batteries (4-pack),Atlanta (GA)
2020-02-03,9.985863,AAA Batteries (4-pack),Atlanta (GA)
2020-02-04,9.985863,AAA Batteries (4-pack),Atlanta (GA)
2020-02-05,9.942994,AAA Batteries (4-pack),Atlanta (GA)
2020-02-06,9.942994,AAA Batteries (4-pack),Atlanta (GA)
2020-02-07,9.942994,AAA Batteries (4-pack),Atlanta (GA)
2020-02-10,10.0101185,AAA Batteries (4-pack),Atlanta (GA)
2020-02-11,10.0101185,AAA Batteries (4-pack),Atlanta (GA)
2020-02-12,9.9999485,AAA Batteries (4-pack),Atlanta (GA)
2020-02-13,9.9999485,AAA Batteries (4-pack),Atlanta (GA)
2020-02-14,9.956576,AAA Batteries (4-pack),Atlanta (GA)
2020-02-17,10.0101185,AAA Batteries (4-pack),Atlanta (GA)
2020-02-18,10.0101185,AAA Batteries (4-pack),Atlanta (GA)
2020-02-19,9.9999485,AAA Batteries (4-pack),Atlanta (GA)
2020-02-20,9.9999485,AAA Batteries (4-pack),Atlanta (GA)
2020-02-21,9.956576,AAA Batteries (4-pack),Atlanta (GA)
2020-02-24,10.0101185,AAA Batteries (4-pack),Atlanta (GA)
2020-02-25,10.0101185,AAA Batteries (4-pack),Atlanta (GA)
2020-02-26,9.9999485,AAA Batteries (4-pack),Atlanta (GA)
2020-02-27,9.9999485,AAA Batteries (4-pack),Atlanta (GA)
2020-02-28,9.956576,AAA Batteries (4-pack),Atlanta (GA)
2020-03-02,10.0101185,AAA Batteries (4-pack),Atlanta (GA)
2020-03-03,10.0101185,AAA Batteries (4-pack),Atlanta (GA)
2020-03-04,9.9999485,AAA Batteries (4-pack),Atlanta (GA)
2020-03-05,9.9999485,AAA Batteries (4-pack),Atlanta (GA)
2020-03-06,9.956576,AAA Batteries (4-pack),Atlanta (GA)
2020-03-09,10.0101185,AAA Batteries (4-pack),Atlanta (GA)
2020-03-10,10.0101185,AAA Batteries (4-pack),Atlanta (GA)
2020-03-11,9.9999485,AAA Batteries (4-pack),Atlanta (GA)
2020-03-12,9.9999485,AAA Batteries (4-pack),Atlanta (GA)
2020-03-13,9.956576,AAA Batteries (4-pack),Atlanta (GA)
2020-03-16,10.0101185,AAA Batteries (4-pack),Atlanta (GA)
2020-03-17,10.0101185,AAA Batteries (4-pack),Atlanta (GA)
2020-03-18,9.9999485,AAA Batteries (4-pack),Atlanta (GA)
2020-03-19,9.9999485,AAA Batteries (4-pack),Atlanta (GA)
2020-03-20,9.956576,AAA Batteries (4-pack),Atlanta (GA)
2020-03-23,10.0101185,AAA Batteries (4-pack),Atlanta (GA)
2020-03-24,10.0101185,AAA Batteries (4-pack),Atlanta (GA)
2020-01-01,8.151496,AAA Batteries (4-pack),Dallas (TX)
2020-01-02,7.799152,AAA Batteries (4-pack),Dallas (TX)
2020-01-03,7.355522,AAA Batteries (4-pack),Dallas (TX)
2020-01-06,7.659411,AAA Batteries (4-pack),Dallas (TX)
2020-01-07,8.1818495,AAA Batteries (4-pack),Dallas (TX)
2020-01-08,8.180271,AAA Batteries (4-pack),Dallas (TX)
2020-01-09,7.728936,AAA Batteries (4-pack),Dallas (TX)
2020-01-10,8.0457735,AAA Batteries (4-pack),Dallas (TX)
2020-01-13,8.733326,AAA Batteries (4-pack),Dallas (TX)
2020-01-14,8.263136,AAA Batteries (4-pack),Dallas (TX)
2020-01-15,8.261558,AAA Batteries (4-pack),Dallas (TX)
2020-01-16,7.8341966,AAA Batteries (4-pack),Dallas (TX)
2020-01-17,7.765664,AAA Batteries (4-pack),Dallas (TX)
2020-01-20,8.733326,AAA Batteries (4-pack),Dallas (TX)
2020-01-21,7.8357744,AAA Batteries (4-pack),Dallas (TX)
2020-01-22,7.8341966,AAA Batteries (4-pack),Dallas (TX)
2020-01-23,8.114306,AAA Batteries (4-pack),Dallas (TX)
2020-01-24,8.0457735,AAA Batteries (4-pack),Dallas (TX)
2020-01-27,8.733326,AAA Batteries (4-pack),Dallas (TX)
2020-01-28,8.279376,AAA Batteries (4-pack),Dallas (TX)
2020-01-29,7.8341966,AAA Batteries (4-pack),Dallas (TX)
2020-01-30,8.261558,AAA Batteries (4-pack),Dallas (TX)
2020-01-31,8.209266,AAA Batteries (4-pack),Dallas (TX)
2020-02-03,7.8357744,AAA Batteries (4-pack),Dallas (TX)
2020-02-04,7.8357744,AAA Batteries (4-pack),Dallas (TX)
2020-02-05,8.114306,AAA Batteries (4-pack),Dallas (TX)
2020-02-06,8.114306,AAA Batteries (4-pack),Dallas (TX)
2020-02-07,8.193026,AAA Batteries (4-pack),Dallas (TX)
2020-02-10,8.586072,AAA Batteries (4-pack),Dallas (TX)
2020-02-11,8.115885,AAA Batteries (4-pack),Dallas (TX)
2020-02-12,8.261558,AAA Batteries (4-pack),Dallas (TX)
2020-02-13,8.277798,AAA Batteries (4-pack),Dallas (TX)
2020-02-14,7.765664,AAA Batteries (4-pack),Dallas (TX)
2020-02-17,7.8357744,AAA Batteries (4-pack),Dallas (TX)
2020-02-18,7.8357744,AAA Batteries (4-pack),Dallas (TX)
2020-02-19,8.114306,AAA Batteries (4-pack),Dallas (TX)
2020-02-20,8.114306,AAA Batteries (4-pack),Dallas (TX)
2020-02-21,8.0457735,AAA Batteries (4-pack),Dallas (TX)
2020-02-24,8.586072,AAA Batteries (4-pack),Dallas (TX)
2020-02-25,8.263136,AAA Batteries (4-pack),Dallas (TX)
2020-02-26,8.261558,AAA Batteries (4-pack),Dallas (TX)
2020-02-27,8.277798,AAA Batteries (4-pack),Dallas (TX)
2020-02-28,7.765664,AAA Batteries (4-pack),Dallas (TX)
2020-03-02,7.8357744,AAA Batteries (4-pack),Dallas (TX)
2020-03-03,7.8357744,AAA Batteries (4-pack),Dallas (TX)
2020-03-04,8.114306,AAA Batteries (4-pack),Dallas (TX)
2020-03-05,8.114306,AAA Batteries (4-pack),Dallas (TX)
2020-03-06,8.0457735,AAA Batteries (4-pack),Dallas (TX)
2020-03-09,8.586072,AAA Batteries (4-pack),Dallas (TX)
2020-03-10,8.263136,AAA Batteries (4-pack),Dallas (TX)
2020-03-11,8.261558,AAA Batteries (4-pack),Dallas (TX)
2020-03-12,8.277798,AAA Batteries (4-pack),Dallas (TX)
2020-03-13,7.765664,AAA Batteries (4-pack),Dallas (TX)
2020-03-16,7.8357744,AAA Batteries (4-pack),Dallas (TX)
2020-03-17,7.8357744,AAA Batteries (4-pack),Dallas (TX)
2020-03-18,8.114306,AAA Batteries (4-pack),Dallas (TX)
2020-03-19,8.114306,AAA Batteries (4-pack),Dallas (TX)
2020-03-20,8.0457735,AAA Batteries (4-pack),Dallas (TX)
2020-03-23,8.586072,AAA Batteries (4-pack),Dallas (TX)
2020-03-24,8.263136,AAA Batteries (4-pack),Dallas (TX)
2020-01-01,4.9709473,AAA Batteries (4-pack),Seattle (WA)
2020-01-02,5.237195,AAA Batteries (4-pack),Seattle (WA)
2020-01-03,5.5161147,AAA Batteries (4-pack),Seattle (WA)
2020-01-06,5.2353864,AAA Batteries (4-pack),Seattle (WA)
2020-01-07,5.379843,AAA Batteries (4-pack),Seattle (WA)
2020-01-08,5.379843,AAA Batteries (4-pack),Seattle (WA)
2020-01-09,5.3720665,AAA Batteries (4-pack),Seattle (WA)
2020-01-10,5.474943,AAA Batteries (4-pack),Seattle (WA)
2020-01-13,5.299953,AAA Batteries (4-pack),Seattle (WA)
2020-01-14,5.4579744,AAA Batteries (4-pack),Seattle (WA)
2020-01-15,5.4579744,AAA Batteries (4-pack),Seattle (WA)
2020-01-16,5.4579744,AAA Batteries (4-pack),Seattle (WA)
2020-01-17,5.4579744,AAA Batteries (4-pack),Seattle (WA)
2020-01-20,5.299953,AAA Batteries (4-pack),Seattle (WA)
2020-01-21,5.4579744,AAA Batteries (4-pack),Seattle (WA)
2020-01-22,5.4579744,AAA Batteries (4-pack),Seattle (WA)
2020-01-23,5.4579744,AAA Batteries (4-pack),Seattle (WA)
2020-01-24,5.4579744,AAA Batteries (4-pack),Seattle (WA)
2020-01-27,5.299953,AAA Batteries (4-pack),Seattle (WA)
2020-01-28,5.4579744,AAA Batteries (4-pack),Seattle (WA)
2020-01-29,5.4579744,AAA Batteries (4-pack),Seattle (WA)
2020-01-30,5.4579744,AAA Batteries (4-pack),Seattle (WA)
2020-01-31,5.4579744,AAA Batteries (4-pack),Seattle (WA)
2020-02-03,5.3706856,AAA Batteries (4-pack),Seattle (WA)
2020-02-04,5.528707,AAA Batteries (4-pack),Seattle (WA)
2020-02-05,5.528707,AAA Batteries (4-pack),Seattle (WA)
2020-02-06,5.528707,AAA Batteries (4-pack),Seattle (WA)
2020-02-07,5.528707,AAA Batteries (4-pack),Seattle (WA)
2020-02-10,5.4054003,AAA Batteries (4-pack),Seattle (WA)
2020-02-11,5.577189,AAA Batteries (4-pack),Seattle (WA)
2020-02-12,5.577189,AAA Batteries (4-pack),Seattle (WA)
2020-02-13,5.577189,AAA Batteries (4-pack),Seattle (WA)
2020-02-14,5.577189,AAA Batteries (4-pack),Seattle (WA)
2020-02-17,5.4054003,AAA Batteries (4-pack),Seattle (WA)
2020-02-18,5.577189,AAA Batteries (4-pack),Seattle (WA)
2020-02-19,5.577189,AAA Batteries (4-pack),Seattle (WA)
2020-02-20,5.577189,AAA Batteries (4-pack),Seattle (WA)
2020-02-21,5.577189,AAA Batteries (4-pack),Seattle (WA)
2020-02-24,5.4054003,AAA Batteries (4-pack),Seattle (WA)
2020-02-25,5.577189,AAA Batteries (4-pack),Seattle (WA)
2020-02-26,5.577189,AAA Batteries (4-pack),Seattle (WA)
2020-02-27,5.577189,AAA Batteries (4-pack),Seattle (WA)
2020-02-28,5.577189,AAA Batteries (4-pack),Seattle (WA)
2020-03-02,5.385449,AAA Batteries (4-pack),Seattle (WA)
2020-03-03,5.5572376,AAA Batteries (4-pack),Seattle (WA)
2020-03-04,5.5572376,AAA Batteries (4-pack),Seattle (WA)
2020-03-05,5.5572376,AAA Batteries (4-pack),Seattle (WA)
2020-03-06,5.5572376,AAA Batteries (4-pack),Seattle (WA)
2020-03-09,5.385449,AAA Batteries (4-pack),Seattle (WA)
2020-03-10,5.5572376,AAA Batteries (4-pack),Seattle (WA)
2020-03-11,5.5572376,AAA Batteries (4-pack),Seattle (WA)
2020-03-12,5.5572376,AAA Batteries (4-pack),Seattle (WA)
2020-03-13,5.5572376,AAA Batteries (4-pack),Seattle (WA)
2020-03-16,5.385449,AAA Batteries (4-pack),Seattle (WA)
2020-03-17,5.5572376,AAA Batteries (4-pack),Seattle (WA)
2020-03-18,5.5572376,AAA Batteries (4-pack),Seattle (WA)
2020-03-19,5.5572376,AAA Batteries (4-pack),Seattle (WA)
2020-03-20,5.5572376,AAA Batteries (4-pack),Seattle (WA)
2020-03-23,5.385449,AAA Batteries (4-pack),Seattle (WA)
2020-03-24,5.5572376,AAA Batteries (4-pack),Seattle (WA)
2020-01-02,4.2921104,AAA Batteries (4-pack),Portland (OR)
2020-01-03,4.6385207,AAA Batteries (4-pack),Portland (OR)
2020-01-06,4.989629,AAA Batteries (4-pack),Portland (OR)
2020-01-07,4.225982,AAA Batteries (4-pack),Portland (OR)
2020-01-08,4.1893845,AAA Batteries (4-pack),Portland (OR)
2020-01-09,4.1756163,AAA Batteries (4-pack),Portland (OR)
2020-01-10,4.8349295,AAA Batteries (4-pack),Portland (OR)
2020-01-13,4.9395795,AAA Batteries (4-pack),Portland (OR)
2020-01-14,4.9395795,AAA Batteries (4-pack),Portland (OR)
2020-01-15,4.935971,AAA Batteries (4-pack),Portland (OR)
2020-01-16,4.935971,AAA Batteries (4-pack),Portland (OR)
2020-01-17,4.935971,AAA Batteries (4-pack),Portland (OR)
2020-01-20,4.9882627,AAA Batteries (4-pack),Portland (OR)
2020-01-21,4.9108806,AAA Batteries (4-pack),Portland (OR)
2020-01-22,4.9111805,AAA Batteries (4-pack),Portland (OR)
2020-01-23,4.9111805,AAA Batteries (4-pack),Portland (OR)
2020-01-24,4.9111805,AAA Batteries (4-pack),Portland (OR)
2020-01-27,4.9286194,AAA Batteries (4-pack),Portland (OR)
2020-01-28,4.9286194,AAA Batteries (4-pack),Portland (OR)
2020-01-29,4.9289193,AAA Batteries (4-pack),Portland (OR)
2020-01-30,4.9289193,AAA Batteries (4-pack),Portland (OR)
2020-01-31,4.9289193,AAA Batteries (4-pack),Portland (OR)
2020-02-03,4.9168687,AAA Batteries (4-pack),Portland (OR)
2020-02-04,4.9168687,AAA Batteries (4-pack),Portland (OR)
2020-02-05,4.9171686,AAA Batteries (4-pack),Portland (OR)
2020-02-06,4.9171686,AAA Batteries (4-pack),Portland (OR)
2020-02-07,4.9171686,AAA Batteries (4-pack),Portland (OR)
2020-02-10,4.9168687,AAA Batteries (4-pack),Portland (OR)
2020-02-11,4.9168687,AAA Batteries (4-pack),Portland (OR)
2020-02-12,4.9171686,AAA Batteries (4-pack),Portland (OR)
2020-02-13,4.9171686,AAA Batteries (4-pack),Portland (OR)
2020-02-14,4.9171686,AAA Batteries (4-pack),Portland (OR)
2020-02-17,4.9168687,AAA Batteries (4-pack),Portland (OR)
2020-02-18,4.9168687,AAA Batteries (4-pack),Portland (OR)
2020-02-19,4.9171686,AAA Batteries (4-pack),Portland (OR)
2020-02-20,4.9171686,AAA Batteries (4-pack),Portland (OR)
2020-02-21,4.9171686,AAA Batteries (4-pack),Portland (OR)
2020-02-24,4.9168687,AAA Batteries (4-pack),Portland (OR)
2020-02-25,4.9168687,AAA Batteries (4-pack),Portland (OR)
2020-02-26,4.9171686,AAA Batteries (4-pack),Portland (OR)
2020-02-27,4.9171686,AAA Batteries (4-pack),Portland (OR)
2020-02-28,4.9171686,AAA Batteries (4-pack),Portland (OR)
2020-03-02,4.9168687,AAA Batteries (4-pack),Portland (OR)
2020-03-03,4.9168687,AAA Batteries (4-pack),Portland (OR)
2020-03-04,4.9171686,AAA Batteries (4-pack),Portland (OR)
2020-03-05,4.9171686,AAA Batteries (4-pack),Portland (OR)
2020-03-06,4.9171686,AAA Batteries (4-pack),Portland (OR)
2020-03-09,4.928561,AAA Batteries (4-pack),Portland (OR)
2020-03-10,4.928561,AAA Batteries (4-pack),Portland (OR)
2020-03-11,4.928861,AAA Batteries (4-pack),Portland (OR)
2020-03-12,4.928861,AAA Batteries (4-pack),Portland (OR)
2020-03-13,4.928861,AAA Batteries (4-pack),Portland (OR)
2020-03-16,4.928561,AAA Batteries (4-pack),Portland (OR)
2020-03-17,4.928561,AAA Batteries (4-pack),Portland (OR)
2020-03-18,4.928861,AAA Batteries (4-pack),Portland (OR)
2020-03-19,4.928861,AAA Batteries (4-pack),Portland (OR)
2020-03-20,4.928861,AAA Batteries (4-pack),Portland (OR)
2020-03-23,4.928561,AAA Batteries (4-pack),Portland (OR)
2020-03-24,4.928561,AAA Batteries (4-pack),Portland (OR)
2020-03-25,4.928861,AAA Batteries (4-pack),Portland (OR)
2020-01-01,6.0618668,AAA Batteries (4-pack),Austin (TX)
2020-01-02,4.336475,AAA Batteries (4-pack),Austin (TX)
2020-01-03,5.461173,AAA Batteries (4-pack),Austin (TX)
2020-01-06,4.6480265,AAA Batteries (4-pack),Austin (TX)
2020-01-07,5.377831,AAA Batteries (4-pack),Austin (TX)
2020-01-08,4.560038,AAA Batteries (4-pack),Austin (TX)
2020-01-09,5.5740876,AAA Batteries (4-pack),Austin (TX)
2020-01-10,5.730748,AAA Batteries (4-pack),Austin (TX)
2020-01-13,5.236529,AAA Batteries (4-pack),Austin (TX)
2020-01-14,5.209086,AAA Batteries (4-pack),Austin (TX)
2020-01-15,5.2250443,AAA Batteries (4-pack),Austin (TX)
2020-01-16,5.209086,AAA Batteries (4-pack),Austin (TX)
2020-01-17,5.7467065,AAA Batteries (4-pack),Austin (TX)
2020-01-20,5.2000866,AAA Batteries (4-pack),Austin (TX)
2020-01-21,5.2000866,AAA Batteries (4-pack),Austin (TX)
2020-01-22,5.2000866,AAA Batteries (4-pack),Austin (TX)
2020-01-23,5.209086,AAA Batteries (4-pack),Austin (TX)
2020-01-24,5.730748,AAA Batteries (4-pack),Austin (TX)
2020-01-27,5.2000866,AAA Batteries (4-pack),Austin (TX)
2020-01-28,5.2000866,AAA Batteries (4-pack),Austin (TX)
2020-01-29,5.209086,AAA Batteries (4-pack),Austin (TX)
2020-01-30,5.209086,AAA Batteries (4-pack),Austin (TX)
2020-01-31,5.730748,AAA Batteries (4-pack),Austin (TX)
2020-02-03,5.2000866,AAA Batteries (4-pack),Austin (TX)
2020-02-04,5.2000866,AAA Batteries (4-pack),Austin (TX)
2020-02-05,5.209086,AAA Batteries (4-pack),Austin (TX)
2020-02-06,5.209086,AAA Batteries (4-pack),Austin (TX)
2020-02-07,5.730748,AAA Batteries (4-pack),Austin (TX)
2020-02-10,5.2000866,AAA Batteries (4-pack),Austin (TX)
2020-02-11,5.2000866,AAA Batteries (4-pack),Austin (TX)
2020-02-12,5.209086,AAA Batteries (4-pack),Austin (TX)
2020-02-13,5.209086,AAA Batteries (4-pack),Austin (TX)
2020-02-14,5.730748,AAA Batteries (4-pack),Austin (TX)
2020-02-17,5.2000866,AAA Batteries (4-pack),Austin (TX)
2020-02-18,5.2000866,AAA Batteries (4-pack),Austin (TX)
2020-02-19,5.209086,AAA Batteries (4-pack),Austin (TX)
2020-02-20,5.209086,AAA Batteries (4-pack),Austin (TX)
2020-02-21,5.730748,AAA Batteries (4-pack),Austin (TX)
2020-02-24,5.2000866,AAA Batteries (4-pack),Austin (TX)
2020-02-25,5.2000866,AAA Batteries (4-pack),Austin (TX)
2020-02-26,5.209086,AAA Batteries (4-pack),Austin (TX)
2020-02-27,5.209086,AAA Batteries (4-pack),Austin (TX)
2020-02-28,5.730748,AAA Batteries (4-pack),Austin (TX)
2020-03-02,5.229562,AAA Batteries (4-pack),Austin (TX)
2020-03-03,5.229562,AAA Batteries (4-pack),Austin (TX)
2020-03-04,5.229562,AAA Batteries (4-pack),Austin (TX)
2020-03-05,5.229562,AAA Batteries (4-pack),Austin (TX)
2020-03-06,5.736726,AAA Batteries (4-pack),Austin (TX)
2020-03-09,5.229562,AAA Batteries (4-pack),Austin (TX)
2020-03-10,5.229562,AAA Batteries (4-pack),Austin (TX)
2020-03-11,5.229562,AAA Batteries (4-pack),Austin (TX)
2020-03-12,5.229562,AAA Batteries (4-pack),Austin (TX)
2020-03-13,5.736726,AAA Batteries (4-pack),Austin (TX)
2020-03-16,5.229562,AAA Batteries (4-pack),Austin (TX)
2020-03-17,5.229562,AAA Batteries (4-pack),Austin (TX)
2020-03-18,5.229562,AAA Batteries (4-pack),Austin (TX)
2020-03-19,5.229562,AAA Batteries (4-pack),Austin (TX)
2020-03-20,5.736726,AAA Batteries (4-pack),Austin (TX)
2020-03-23,5.3026314,AAA Batteries (4-pack),Austin (TX)
2020-03-24,5.3026314,AAA Batteries (4-pack),Austin (TX)
2020-01-01,1.2282475,AAA Batteries (4-pack),Portland (ME)
2020-01-02,1.1702657,AAA Batteries (4-pack),Portland (ME)
2020-01-03,3.297348,AAA Batteries (4-pack),Portland (ME)
2020-01-06,2.9622462,AAA Batteries (4-pack),Portland (ME)
2020-01-07,0.8926134,AAA Batteries (4-pack),Portland (ME)
2020-01-08,0.83736813,AAA Batteries (4-pack),Portland (ME)
2020-01-09,3.32308,AAA Batteries (4-pack),Portland (ME)
2020-01-10,2.9998703,AAA Batteries (4-pack),Portland (ME)
2020-01-13,0.9021362,AAA Batteries (4-pack),Portland (ME)
2020-01-14,0.93832153,AAA Batteries (4-pack),Portland (ME)
2020-01-15,3.3026128,AAA Batteries (4-pack),Portland (ME)
2020-01-16,3.0143714,AAA Batteries (4-pack),Portland (ME)
2020-01-17,0.8158018,AAA Batteries (4-pack),Portland (ME)
2020-01-20,0.93544245,AAA Batteries (4-pack),Portland (ME)
2020-01-21,3.3026128,AAA Batteries (4-pack),Portland (ME)
2020-01-22,3.0143714,AAA Batteries (4-pack),Portland (ME)
2020-01-23,0.8158018,AAA Batteries (4-pack),Portland (ME)
2020-01-24,0.82973856,AAA Batteries (4-pack),Portland (ME)
2020-01-27,3.2997336,AAA Batteries (4-pack),Portland (ME)
2020-01-28,3.0591853,AAA Batteries (4-pack),Portland (ME)
2020-01-29,0.8158018,AAA Batteries (4-pack),Portland (ME)
2020-01-30,0.82973856,AAA Batteries (4-pack),Portland (ME)
2020-01-31,3.3026128,AAA Batteries (4-pack),Portland (ME)
2020-02-03,3.0684605,AAA Batteries (4-pack),Portland (ME)
2020-02-04,0.92438465,AAA Batteries (4-pack),Portland (ME)
2020-02-05,0.82973856,AAA Batteries (4-pack),Portland (ME)
2020-02-06,3.3026128,AAA Batteries (4-pack),Portland (ME)
2020-02-07,3.0143714,AAA Batteries (4-pack),Portland (ME)
2020-02-10,0.9215056,AAA Batteries (4-pack),Portland (ME)
2020-02-11,0.93832153,AAA Batteries (4-pack),Portland (ME)
2020-02-12,3.3026128,AAA Batteries (4-pack),Portland (ME)
2020-02-13,3.0143714,AAA Batteries (4-pack),Portland (ME)
2020-02-14,0.8158018,AAA Batteries (4-pack),Portland (ME)
2020-02-17,0.93544245,AAA Batteries (4-pack),Portland (ME)
2020-02-18,3.3026128,AAA Batteries (4-pack),Portland (ME)
2020-02-19,3.0143714,AAA Batteries (4-pack),Portland (ME)
2020-02-20,0.8158018,AAA Batteries (4-pack),Portland (ME)
2020-02-21,0.82973856,AAA Batteries (4-pack),Portland (ME)
2020-02-24,3.2997336,AAA Batteries (4-pack),Portland (ME)
2020-02-25,3.0591853,AAA Batteries (4-pack),Portland (ME)
2020-02-26,0.8158018,AAA Batteries (4-pack),Portland (ME)
2020-02-27,0.82973856,AAA Batteries (4-pack),Portland (ME)
2020-02-28,3.3026128,AAA Batteries (4-pack),Portland (ME)
2020-03-02,3.0684605,AAA Batteries (4-pack),Portland (ME)
2020-03-03,0.92438465,AAA Batteries (4-pack),Portland (ME)
2020-03-04,0.82973856,AAA Batteries (4-pack),Portland (ME)
2020-03-05,3.3026128,AAA Batteries (4-pack),Portland (ME)
2020-03-06,3.0143714,AAA Batteries (4-pack),Portland (ME)
2020-03-09,0.9215056,AAA Batteries (4-pack),Portland (ME)
2020-03-10,0.93832153,AAA Batteries (4-pack),Portland (ME)
2020-03-11,3.3026128,AAA Batteries (4-pack),Portland (ME)
2020-03-12,3.0143714,AAA Batteries (4-pack),Portland (ME)
2020-03-13,0.8158018,AAA Batteries (4-pack),Portland (ME)
2020-03-16,0.93544245,AAA Batteries (4-pack),Portland (ME)
2020-03-17,3.3026128,AAA Batteries (4-pack),Portland (ME)
2020-03-18,3.0143714,AAA Batteries (4-pack),Portland (ME)
2020-03-19,0.8158018,AAA Batteries (4-pack),Portland (ME)
2020-03-20,0.82973856,AAA Batteries (4-pack),Portland (ME)
2020-03-23,3.2997336,AAA Batteries (4-pack),Portland (ME)
2020-03-24,3.0591853,AAA Batteries (4-pack),Portland (ME)
